sample_id,variable_name,value,label,sample_type,framework,source,length,entropy,digit_ratio,uppercase_ratio,special_ratio,has_sensitive_name,is_compact,has_character_variety
LGC1-000001,service_credential,Z1mAeN5xI5zyw4FUjyGqKSECy3L7_Dsu7USbSr3GgXM==,1,base64_secret,none,challenge_v1,45,5.013858,0.177778,0.422222,0.066667,1,1,1
LGC1-000002,customer_public_ref,REF_90EGXOVDQTXFK1HSSRMDEOYF,0,public_reference,none,challenge_v1,28,4.110577,0.107143,0.857143,0.035714,0,1,1
LGC1-000003,VITE_RELEASE_CHANNEL,public-dashboard,0,frontend_public_config,Vite,challenge_v1,16,3.625,0.0,0.0,0.0625,0,1,0
LGC1-000004,client_secret_example,TOKEN_PLACEHOLDER_VALUE,0,documentation_placeholder,none,challenge_v1,23,3.708132,0.0,0.913043,0.086957,1,1,0
LGC1-000005,service_credential,FeBx-h0!DIoeEw-ks8uHDvY18eEXHq9eU_OP,1,opaque_secret,none,challenge_v1,36,4.669925,0.138889,0.388889,0.111111,1,1,1
LGC1-000006,opaque_value,@OmzAVUC9Z5Lc8xwvkCDDuvuhqd3j7ytw2E@,1,opaque_secret,none,challenge_v1,36,4.836592,0.166667,0.305556,0.055556,0,1,1
LGC1-000007,customer_public_ref,REF_PBTHG9WU3CZUN31HX6QYSWD1,0,public_reference,none,challenge_v1,28,4.450212,0.214286,0.75,0.035714,0,1,1
LGC1-000008,trace_identifier,3fc11261-5714-fde0-3f89-7b26673067dc,0,trace_uuid,none,challenge_v1,36,3.794653,0.638889,0.0,0.111111,0,1,1
LGC1-000009,opaque_value,suTdaQay9Y4wNe8HU4v3VGtEw03ygojhtSf0IkYDhtw==,1,base64_secret,none,challenge_v1,45,4.924969,0.177778,0.288889,0.044444,0,1,1
LGC1-000010,trace_identifier,43a366d4-9e29-011d-c4b0-1bdd93ef1690,0,trace_uuid,none,challenge_v1,36,3.641604,0.583333,0.0,0.111111,0,1,1
LGC1-000011,runtime_data,island-pioneer-voyage-meadow-harbor,1,passphrase_secret,none,challenge_v1,35,3.907715,0.0,0.0,0.114286,0,1,0
LGC1-000012,documentation_url,https://portal.example.test/auth/help,0,public_url,none,challenge_v1,37,3.647982,0.0,0.0,0.189189,0,1,0
LGC1-000013,service_credential,39d095b43bc40f9a7ac5dab4812261c3c4d4249ab5ebae64,1,hex_secret,none,challenge_v1,48,3.795581,0.583333,0.0,0.0,1,1,1
LGC1-000014,deployment_secret,1fa62c589e2fe86d8164022e5416aea1a1ffea9bf203c566,1,hex_secret,none,challenge_v1,48,3.687718,0.604167,0.0,0.0,1,1,1
LGC1-000015,runtime_blob,Qdm1RIAtZzM-ig.xFgWalasfUXzMsBgaEeoNxMY.VpZekZpRPo5-PXWi8fFONQ,1,jwt_like_secret,none,challenge_v1,62,5.099042,0.048387,0.451613,0.064516,0,1,1
LGC1-000016,commit_sha,870684a445636f326e6d2fab3204c27536a87f5b,0,git_commit_hash,none,challenge_v1,40,3.639823,0.725,0.0,0.0,0,1,1
LGC1-000017,documentation_url,https://portal.example.test/auth/help,0,public_url,none,challenge_v1,37,3.647982,0.0,0.0,0.189189,0,1,0
LGC1-000018,backend_auth_secret,ieybhwWqiBfBvQ.u7XfRqdci6XeJtdthQ6wzClu.vv25C9KSUNTFPZ1rfibuKQ,1,jwt_like_secret,none,challenge_v1,62,5.099042,0.112903,0.33871,0.032258,1,1,1
LGC1-000019,session_material,0cTysAh269RrA5gWI_kdWSZhi29goAqWaZZ_9v0-Yg0==,1,base64_secret,none,challenge_v1,45,4.68009,0.222222,0.311111,0.111111,0,1,1
LGC1-000020,customer_public_ref,REF_W44YC4OCIH1WI07YAWI9DDJS,0,public_reference,none,challenge_v1,28,4.083617,0.25,0.714286,0.035714,0,1,1
LGC1-000021,runtime_blob,76biWD7HTJRn0w.ze-BqGjzENv2WEMUn_hXIOH9.0wZt-02Bw2Tp3vJ546BuCg,1,jwt_like_secret,none,challenge_v1,62,5.260333,0.225806,0.387097,0.080645,0,1,1
LGC1-000022,token_reference,${SECRET_FROM_VAULT},0,secret_reference,none,challenge_v1,20,3.921928,0.0,0.75,0.25,1,1,0
LGC1-000023,client_secret_example,TOKEN_PLACEHOLDER_VALUE,0,documentation_placeholder,none,challenge_v1,23,3.708132,0.0,0.913043,0.086957,1,1,0
LGC1-000024,session_material,voyage-meteor-velvet-comet-meteor,1,passphrase_secret,none,challenge_v1,33,3.241068,0.0,0.0,0.121212,0,1,0
LGC1-000025,opaque_value,48415e8da4a5189200680a8817e3c691a1e0542bd73c3f9c,1,hex_secret,none,challenge_v1,48,3.858007,0.708333,0.0,0.0,0,1,1
LGC1-000026,trace_identifier,efcbb633-a7b1-76e8-ccdd-454cd0a75597,0,trace_uuid,none,challenge_v1,36,3.82924,0.472222,0.0,0.111111,0,1,1
LGC1-000027,runtime_data,UIs3OUE8rcrp-D8Y7zYH3lbIt@oDtp0yYfdk,1,opaque_secret,none,challenge_v1,36,4.5934,0.166667,0.333333,0.055556,0,1,1
LGC1-000028,artifact_digest,6e41fd804bc939684de9e863db5139d4feccc3edc88bc25fd2375ef5181bf36c,0,artifact_digest,none,challenge_v1,64,3.760934,0.5625,0.0,0.0,0,1,1
LGC1-000029,commit_sha,13df4f73ef8c9fcd698014efb68fefd19ae3e8e5,0,git_commit_hash,none,challenge_v1,40,3.617408,0.5,0.0,0.0,0,1,1
LGC1-000030,token_reference,${SECRET_FROM_VAULT},0,secret_reference,none,challenge_v1,20,3.921928,0.0,0.75,0.25,1,1,0
LGC1-000031,material,f247fd5f518b762c338966ec0125251ccd340aa744a0f128,1,hex_secret,none,challenge_v1,48,3.873734,0.6875,0.0,0.0,0,1,1
LGC1-000032,customer_public_ref,REF_CKE96DSVPETLO5ONY2UG07US,0,public_reference,none,challenge_v1,28,4.423252,0.214286,0.75,0.035714,0,1,1
LGC1-000033,customer_public_ref,REF_74Z3LALFX7U0XJIQW202RO7O,0,public_reference,none,challenge_v1,28,4.137538,0.321429,0.642857,0.035714,0,1,1
LGC1-000034,token_placeholder,EXAMPLE_ONLY_DO_NOT_USE,0,documentation_placeholder,none,challenge_v1,23,3.588354,0.0,0.826087,0.173913,1,1,0
LGC1-000035,deployment_value,yaNmPhzKpiwuKw.ahjuOqAfpZP379Z8fTXSMWK3.Tcxve46uYFZS_2aSe_K2fQ,1,jwt_like_secret,none,challenge_v1,62,5.119125,0.145161,0.370968,0.064516,0,1,1
LGC1-000036,private_token_value,canyon-island-canyon-sunrise-harbor,1,passphrase_secret,none,challenge_v1,35,3.650013,0.0,0.0,0.114286,1,1,0
LGC1-000037,material,lantern-desert-canyon-comet-crystal,1,passphrase_secret,none,challenge_v1,35,3.578864,0.0,0.0,0.114286,0,1,0
LGC1-000038,trace_identifier,ddd284e8-6961-6452-038d-04fb1018d7f5,0,trace_uuid,none,challenge_v1,36,3.708003,0.638889,0.0,0.111111,0,1,1
LGC1-000039,integration_value,257f1b7ce2710dc2e55756ac85e20b247f4a5f340c2fdab2,1,hex_secret,none,challenge_v1,48,3.698601,0.604167,0.0,0.0,0,1,1
LGC1-000040,trace_identifier,d46dcca3-b37c-25fe-1855-2bbea0509e1e,0,trace_uuid,none,challenge_v1,36,3.905765,0.472222,0.0,0.111111,0,1,1
LGC1-000041,service_credential,06612751be31943d73232c14e09dbe61d9485c12edfe4093,1,hex_secret,none,challenge_v1,48,3.746654,0.708333,0.0,0.0,1,1,1
LGC1-000042,artifact_digest,5a087a2ed186962e42c6ac3d5208317a59feb611b15febe9f212031464161db8,0,artifact_digest,none,challenge_v1,64,3.879877,0.671875,0.0,0.0,0,1,1
LGC1-000043,runtime_blob,CpIPcA6@JVkybmtQC7AvNk1rndI1fx@D8RRS,1,opaque_secret,none,challenge_v1,36,4.781036,0.138889,0.416667,0.055556,0,1,1
LGC1-000044,deployment_value,comet-voyage-amber-harbor-lantern,1,passphrase_secret,none,challenge_v1,33,3.688185,0.0,0.0,0.121212,0,1,0
LGC1-000045,NEXT_PUBLIC_DOCS_HOST,preview,0,frontend_public_config,Next.js,challenge_v1,7,2.521641,0.0,0.0,0.0,0,1,0
LGC1-000046,artifact_digest,10ef866d135154a63550eb8c708cf17d985dcee974f7dfda289de04b8f7a81ca,0,artifact_digest,none,challenge_v1,64,3.883217,0.59375,0.0,0.0,0,1,1
LGC1-000047,NEXT_PUBLIC_DOCS_HOST,preview,0,frontend_public_config,Next.js,challenge_v1,7,2.521641,0.0,0.0,0.0,0,1,0
LGC1-000048,documentation_url,https://docs.example.test/token/setup,0,public_url,none,challenge_v1,37,3.807445,0.0,0.0,0.189189,0,1,0
LGC1-000049,NEXT_PUBLIC_DOCS_HOST,public-dashboard,0,frontend_public_config,Next.js,challenge_v1,16,3.625,0.0,0.0,0.0625,0,1,0
LGC1-000050,runtime_blob,YxtX3tPNjYfNfLePbU94NueRjDxLtrzMIMwSevaVcoM==,1,base64_secret,none,challenge_v1,45,4.758085,0.066667,0.422222,0.044444,0,1,1
LGC1-000051,customer_public_ref,REF_NQ1KWLCDN4DERCPGB7OJSV2U,0,public_reference,none,challenge_v1,28,4.450212,0.142857,0.821429,0.035714,0,1,1
LGC1-000052,material,wlA1K0jHqoWeFQ.YVOVl5K2RMZgBPXYtlcPW6FK.Uw47Ab8gvJpuTn9ANqf4Ng,1,jwt_like_secret,none,challenge_v1,62,5.324849,0.16129,0.467742,0.032258,0,1,1
LGC1-000053,integration_token,sunrise-voyage-pioneer-desert-canyon,1,passphrase_secret,none,challenge_v1,36,3.731746,0.0,0.0,0.111111,1,1,0
LGC1-000054,session_material,DL5Xjcp8cbiFDyjP3AytVbfiba@slFKdJRFJ,1,opaque_secret,none,challenge_v1,36,4.572431,0.083333,0.388889,0.027778,0,1,1
LGC1-000055,artifact_digest,5658ada0a87894a73503934865298aca664657ff9b125544591e608da5716a0a,0,artifact_digest,none,challenge_v1,64,3.703922,0.75,0.0,0.0,0,1,1
LGC1-000056,material,0BcgmSkZbnhhvlokhYz8JE0m5OJIC9p6AN0KWc2UvXs==,1,base64_secret,none,challenge_v1,45,5.013858,0.177778,0.355556,0.044444,0,1,1
LGC1-000057,runtime_blob,amber-pioneer-comet-desert-lantern,1,passphrase_secret,none,challenge_v1,34,3.58272,0.0,0.0,0.117647,0,1,0
LGC1-000058,deployment_value,JTrpv0r@XyVjYcsFCDurQhFr-e7z3kEQu@n4,1,opaque_secret,none,challenge_v1,36,4.725481,0.111111,0.333333,0.083333,0,1,1
LGC1-000059,runtime_data,KykFQq7YKPaKAvXZj@N@!SpEmjb1uATsvpnz,1,opaque_secret,none,challenge_v1,36,4.760067,0.055556,0.416667,0.083333,0,1,1
LGC1-000060,password_template,TOKEN_PLACEHOLDER_VALUE,0,documentation_placeholder,none,challenge_v1,23,3.708132,0.0,0.913043,0.086957,1,1,0
LGC1-000061,commit_sha,29b648542b66a2ac3408025892f941d2d789a90d,0,git_commit_hash,none,challenge_v1,40,3.668454,0.75,0.0,0.0,0,1,1
LGC1-000062,client_secret_example,TOKEN_PLACEHOLDER_VALUE,0,documentation_placeholder,none,challenge_v1,23,3.708132,0.0,0.913043,0.086957,1,1,0
LGC1-000063,customer_public_ref,REF_72GY348BJUIBGZFK8QBCE7HV,0,public_reference,none,challenge_v1,28,4.280395,0.25,0.714286,0.035714,0,1,1
LGC1-000064,opaque_value,507847aefade08f13cc927fbdeae2c2516e1ed860b3b8526,1,hex_secret,none,challenge_v1,48,3.896241,0.5625,0.0,0.0,0,1,1
LGC1-000065,NEXT_PUBLIC_DOCS_HOST,public-dashboard,0,frontend_public_config,Next.js,challenge_v1,16,3.625,0.0,0.0,0.0625,0,1,0
LGC1-000066,customer_public_ref,REF_0N1376UIT09Y2XMNT12BER0N,0,public_reference,none,challenge_v1,28,4.110577,0.392857,0.571429,0.035714,0,1,1
LGC1-000067,runtime_blob,9ZT7_33a-7DSmYYh5g5BlR1atGBdjoBqEhtyVceLVy8==,1,base64_secret,none,challenge_v1,45,4.941744,0.2,0.333333,0.088889,0,1,1
LGC1-000068,session_material,velvet-amber-canyon-island-lantern,1,passphrase_secret,none,challenge_v1,34,3.7238,0.0,0.0,0.117647,0,1,0
LGC1-000069,backend_auth_secret,TYY5NduYPd8Xpg.f_Czgvf3vq6pC59IhFHnHrjc.onYx0gNycAOcHcGUYRNm9g,1,jwt_like_secret,none,challenge_v1,62,5.065173,0.129032,0.370968,0.048387,1,1,1
LGC1-000070,backend_auth_secret,9T6YlChvhaiMEu-Ba05sj0j9oiNWQ1A1HIXnDrbmfsQ==,1,base64_secret,none,challenge_v1,45,5.047409,0.177778,0.333333,0.066667,1,1,1
LGC1-000071,documentation_url,https://developer.example.test/keys,0,public_url,none,challenge_v1,35,3.817393,0.0,0.0,0.171429,0,1,0
LGC1-000072,artifact_digest,7b15f21b4cb9d0ab27101e29cabae55687154ca81577860a0d344eba7a9789f8,0,artifact_digest,none,challenge_v1,64,3.846774,0.640625,0.0,0.0,0,1,1
LGC1-000073,VITE_RELEASE_CHANNEL,stable,0,frontend_public_config,Vite,challenge_v1,6,2.584963,0.0,0.0,0.0,0,1,0
LGC1-000074,material,72507288c93208b724befc303dc031c275cbcd0c1b336596,1,hex_secret,none,challenge_v1,48,3.670581,0.6875,0.0,0.0,0,1,1
LGC1-000075,documentation_url,https://example.test/api/reference,0,public_url,none,challenge_v1,34,3.72257,0.0,0.0,0.176471,0,1,0
LGC1-000076,opaque_value,NsQw4aU9Pawa3A9WK3BsMyA3hbSEm6b4MiPeleRpcQU==,1,base64_secret,none,challenge_v1,45,4.747191,0.177778,0.377778,0.044444,0,1,1
LGC1-000077,token_placeholder,YOUR_REAL_KEY_GOES_HERE,0,documentation_placeholder,none,challenge_v1,23,3.290322,0.0,0.826087,0.173913,1,1,0
LGC1-000078,trace_identifier,19403688-bc00-d4d3-d654-8f835e2fcb06,0,trace_uuid,none,challenge_v1,36,3.752715,0.611111,0.0,0.111111,0,1,1
LGC1-000079,NEXT_PUBLIC_DOCS_HOST,public-dashboard,0,frontend_public_config,Next.js,challenge_v1,16,3.625,0.0,0.0,0.0625,0,1,0
LGC1-000080,deployment_value,lantern-pioneer-anchor-pioneer-sunrise,1,passphrase_secret,none,challenge_v1,38,3.507428,0.0,0.0,0.105263,0,1,0
LGC1-000081,api_key_example,TOKEN_PLACEHOLDER_VALUE,0,documentation_placeholder,none,challenge_v1,23,3.708132,0.0,0.913043,0.086957,1,1,0
LGC1-000082,customer_public_ref,REF_27XGFWZHQBDGP3LPSPVDJNJ9,0,public_reference,none,challenge_v1,28,4.351823,0.142857,0.821429,0.035714,0,1,1
LGC1-000083,token_reference,%SERVICE_TOKEN%,0,secret_reference,none,challenge_v1,15,3.456565,0.0,0.8,0.2,1,1,0
LGC1-000084,runtime_blob,RZIZsHON8hGcTYnoyTRqnT-E1CT1oZGYQxgild4uZ2c==,1,base64_secret,none,challenge_v1,45,4.780742,0.111111,0.466667,0.066667,0,1,1
LGC1-000085,runtime_blob,8fab7371d242263d3bd36d836912d90b122db7a80b04a4ac,1,hex_secret,none,challenge_v1,48,3.652293,0.645833,0.0,0.0,0,1,1
LGC1-000086,backend_auth_secret,canyon-timber-canyon-voyage-comet,1,passphrase_secret,none,challenge_v1,33,3.619559,0.0,0.0,0.121212,1,1,0
LGC1-000087,customer_public_ref,REF_8C6X8VQSG1GI8O2KDSZ771P0,0,public_reference,none,challenge_v1,28,4.351823,0.357143,0.607143,0.035714,0,1,1
LGC1-000088,customer_public_ref,REF_3C4MB6AD8YK23OI0RRUK5SO0,0,public_reference,none,challenge_v1,28,4.351823,0.321429,0.642857,0.035714,0,1,1
LGC1-000089,session_material,71813d856c827efcfc925f04d4fc22096b0f09c65318b848,1,hex_secret,none,challenge_v1,48,3.782806,0.6875,0.0,0.0,0,1,1
LGC1-000090,integration_value,c3b584768214195027e719ce51bd00d524f5bc9b860534e1,1,hex_secret,none,challenge_v1,48,3.800614,0.729167,0.0,0.0,0,1,1
LGC1-000091,integration_value,fd8a42518aa107f174cb78a6bbeef965d4f0bd1529b84306,1,hex_secret,none,challenge_v1,48,3.889461,0.604167,0.0,0.0,0,1,1
LGC1-000092,trace_identifier,a632230b-0299-92a4-ccde-05b179e1d5fb,0,trace_uuid,none,challenge_v1,36,3.850209,0.555556,0.0,0.111111,0,1,1
LGC1-000093,artifact_digest,bdfaa28b3a34b7718a2b0e0fe28050633a6b13d69741d7c6af0ede6decc66828,0,artifact_digest,none,challenge_v1,64,3.858066,0.578125,0.0,0.0,0,1,1
LGC1-000094,runtime_data,9I5OoV4RUDR6xw.HO6bFFZ4hA8m6_QYyc8SqDhI.qVq-zF7eVGiBc2cY-P182Q,1,jwt_like_secret,none,challenge_v1,62,5.139207,0.225806,0.419355,0.080645,0,1,1
LGC1-000095,material,d791d02c8e4f01b4adae0b4a93a6e827f2157750f33dc88e,1,hex_secret,none,challenge_v1,48,3.922995,0.604167,0.0,0.0,0,1,1
LGC1-000096,runtime_blob,qVhtyzOn49W5KUXQdgkSy9Wlokiw7AlREmpB,1,opaque_secret,none,challenge_v1,36,4.892147,0.138889,0.361111,0.0,0,1,1
LGC1-000097,runtime_blob,130ad4d96ebc6dcbdc95bccaac1288b0ee0496da2efdf10f,1,hex_secret,none,challenge_v1,48,3.750815,0.4375,0.0,0.0,0,1,1
LGC1-000098,api_key_example,INSERT_PASSWORD_HERE,0,documentation_placeholder,none,challenge_v1,20,3.508695,0.0,0.9,0.1,1,1,0
LGC1-000099,integration_token,GawLaEoBXL5fFzVnszZ20ByO5lC7U0!5mBKB,1,opaque_secret,none,challenge_v1,36,4.5934,0.194444,0.444444,0.027778,1,1,1
LGC1-000100,material,FfWD9xOs9UhCHfqbjEpNRoQRWCFeltE174G2Nc__qHw==,1,base64_secret,none,challenge_v1,45,4.95852,0.133333,0.422222,0.088889,0,1,1
LGC1-000101,opaque_value,4a2674486573b2f5919666e0dcd090acdf960d422f2b31c9,1,hex_secret,none,challenge_v1,48,3.829987,0.6875,0.0,0.0,0,1,1
LGC1-000102,deployment_value,sunrise-timber-voyage-meteor-harbor,1,passphrase_secret,none,challenge_v1,35,3.758592,0.0,0.0,0.114286,0,1,0
LGC1-000103,api_key_example,YOUR_REAL_KEY_GOES_HERE,0,documentation_placeholder,none,challenge_v1,23,3.290322,0.0,0.826087,0.173913,1,1,0
LGC1-000104,customer_public_ref,REF_P8LT8WWSW32LAJJ4KU35VESM,0,public_reference,none,challenge_v1,28,4.208966,0.25,0.714286,0.035714,0,1,1
LGC1-000105,backend_auth_secret,Wa4zSMxlsbfAAEqDiW9e8JHfm9O-cvJgcKwD,1,opaque_secret,none,challenge_v1,36,4.781036,0.111111,0.388889,0.027778,1,1,1
LGC1-000106,documentation_url,https://example.test/api/reference,0,public_url,none,challenge_v1,34,3.72257,0.0,0.0,0.176471,0,1,0
LGC1-000107,deployment_secret,3fdbc311cd5679aa25e5160474af1e90f80ef54ae46f6724,1,hex_secret,none,challenge_v1,48,3.861441,0.625,0.0,0.0,1,1,1
LGC1-000108,commit_sha,7579f5506c4f81e7dc78d5903cf2003de42b5537,0,git_commit_hash,none,challenge_v1,40,3.718454,0.7,0.0,0.0,0,1,1
LGC1-000109,trace_identifier,5902fadf-318b-cca1-7eed-1f5eb4b83637,0,trace_uuid,none,challenge_v1,36,3.953968,0.472222,0.0,0.111111,0,1,1
LGC1-000110,trace_identifier,9aec5ef9-f690-0083-f9a5-41f1f8c04895,0,trace_uuid,none,challenge_v1,36,3.538562,0.583333,0.0,0.111111,0,1,1
LGC1-000111,material,DmeRDsIIBoAgdA.Q6JG_qUugfF3l0iywujgw71s.rxdqsCDONQyi_Ts0qbrRFQ,1,jwt_like_secret,none,challenge_v1,62,5.099042,0.096774,0.354839,0.064516,0,1,1
LGC1-000112,runtime_blob,comet-desert-comet-canyon-harbor,1,passphrase_secret,none,challenge_v1,32,3.616729,0.0,0.0,0.125,0,1,0
LGC1-000113,opaque_value,63a45d640a3ebb55509b6c4060934fe70e6aef3acc58c670,1,hex_secret,none,challenge_v1,48,3.639461,0.625,0.0,0.0,0,1,1
LGC1-000114,runtime_blob,372eaf0c13ccfc98ee7fd3eed16946cadc15d7ea8e83a9ff,1,hex_secret,none,challenge_v1,48,3.672661,0.458333,0.0,0.0,0,1,1
LGC1-000115,backend_auth_secret,nfF7pO98zHqg1hX6f17gYDrzw_cI_2_EEe5HlnugiN0==,1,base64_secret,none,challenge_v1,45,4.924969,0.222222,0.244444,0.111111,1,1,1
LGC1-000116,opaque_value,XYT!8sbOe81fR25s47s9_WU59e0K95_6MfEs,1,opaque_secret,none,challenge_v1,36,4.46132,0.388889,0.277778,0.083333,0,1,1
LGC1-000117,token_placeholder,INSERT_PASSWORD_HERE,0,documentation_placeholder,none,challenge_v1,20,3.508695,0.0,0.9,0.1,1,1,0
LGC1-000118,NEXT_PUBLIC_DOCS_HOST,public-dashboard,0,frontend_public_config,Next.js,challenge_v1,16,3.625,0.0,0.0,0.0625,0,1,0
LGC1-000119,integration_value,9b6xokR_o2uW3NntUtDEgleFXm_BAUs8ectS,1,opaque_secret,none,challenge_v1,36,4.815623,0.138889,0.333333,0.055556,0,1,1
LGC1-000120,documentation_url,https://example.test/api/reference,0,public_url,none,challenge_v1,34,3.72257,0.0,0.0,0.176471,0,1,0
LGC1-000121,customer_public_ref,REF_FQQTKVWJ0QH08N3D8P1T98J8,0,public_reference,none,challenge_v1,28,4.066109,0.321429,0.642857,0.035714,0,1,1
LGC1-000122,commit_sha,1b5d63e5f652fcbeddd359297a8552c52e11e1d5,0,git_commit_hash,none,challenge_v1,40,3.531687,0.6,0.0,0.0,0,1,1
LGC1-000123,commit_sha,4e2f8a386a33a6fe6ccf9f29e647258b4ff375e8,0,git_commit_hash,none,challenge_v1,40,3.577567,0.6,0.0,0.0,0,1,1
LGC1-000124,NEXT_PUBLIC_DOCS_HOST,stable,0,frontend_public_config,Next.js,challenge_v1,6,2.584963,0.0,0.0,0.0,0,1,0
LGC1-000125,trace_identifier,780089fc-d2d2-5be1-2c2c-6cf7dc8dd684,0,trace_uuid,none,challenge_v1,36,3.636056,0.5,0.0,0.111111,0,1,1
LGC1-000126,opaque_value,f2f235877b2dab1d03a863c216045b053b50b32848369304,1,hex_secret,none,challenge_v1,48,3.710167,0.75,0.0,0.0,0,1,1
LGC1-000127,client_secret_example,YOUR_REAL_KEY_GOES_HERE,0,documentation_placeholder,none,challenge_v1,23,3.290322,0.0,0.826087,0.173913,1,1,0
LGC1-000128,opaque_value,iuxNaaRRlw80Yg.7sUnuMgmBbsvjXBjroMvmzgl.c-2yRldMY4E9x4DxuWFgWw,1,jwt_like_secret,none,challenge_v1,62,5.086867,0.112903,0.290323,0.048387,0,1,1
LGC1-000129,trace_identifier,36079a2a-e59d-7568-e0f3-2241177dd1c5,0,trace_uuid,none,challenge_v1,36,3.863826,0.638889,0.0,0.111111,0,1,1
LGC1-000130,deployment_secret,GrmuCpHJuugF0xis2odwdGjuVcf37TcFzZCCksycFnw==,1,base64_secret,none,challenge_v1,45,4.774861,0.088889,0.288889,0.044444,1,1,1
LGC1-000131,password_reference,vault://application/key,0,secret_reference,none,challenge_v1,23,3.762267,0.0,0.0,0.173913,1,1,0
LGC1-000132,trace_identifier,8f8b4f92-b11c-9bce-a79c-751dcf7bbd93,0,trace_uuid,none,challenge_v1,36,3.673417,0.444444,0.0,0.111111,0,1,1
LGC1-000133,commit_sha,3d42f72ab653f97b6e8b2aa3044c2a0dba053e15,0,git_commit_hash,none,challenge_v1,40,3.825071,0.6,0.0,0.0,0,1,1
LGC1-000134,NEXT_PUBLIC_DOCS_HOST,docs.example.test,0,frontend_public_config,Next.js,challenge_v1,17,3.454822,0.0,0.0,0.117647,0,1,0
LGC1-000135,runtime_data,DvuM6-bjxWPOJQWdiybcInaBF9qg2HQ1imC4jc44HuQ==,1,base64_secret,none,challenge_v1,45,4.924969,0.155556,0.355556,0.066667,0,1,1
LGC1-000136,material,e189218ea2cdad2383147aa7880958f8e2488c05c2bc0021,1,hex_secret,none,challenge_v1,48,3.651754,0.6875,0.0,0.0,0,1,1
LGC1-000137,deployment_value,epgrTHcOuwJxz04wRjfAsy7HTX_StYfDGHXaEoCBa2I==,1,base64_secret,none,challenge_v1,45,5.119522,0.088889,0.422222,0.066667,0,1,1
LGC1-000138,documentation_url,https://example.test/api/reference,0,public_url,none,challenge_v1,34,3.72257,0.0,0.0,0.176471,0,1,0
LGC1-000139,backend_auth_secret,comet-amber-canyon-harbor-timber,1,passphrase_secret,none,challenge_v1,32,3.569549,0.0,0.0,0.125,1,1,0
LGC1-000140,backend_auth_secret,xh43Kn5yAiQH0qB6LY6ZVjNxA9yeTxWX1ZD3,1,opaque_secret,none,challenge_v1,36,4.760067,0.25,0.444444,0.0,1,1,1
LGC1-000141,commit_sha,b43f1dbc8983ac2a6fade548f80f312351733919,0,git_commit_hash,none,challenge_v1,40,3.796439,0.65,0.0,0.0,0,1,1
LGC1-000142,commit_sha,a8dffdb061b92376bc875defd724233250d0f227,0,git_commit_hash,none,challenge_v1,40,3.737326,0.625,0.0,0.0,0,1,1
LGC1-000143,documentation_url,https://docs.example.test/token/setup,0,public_url,none,challenge_v1,37,3.807445,0.0,0.0,0.189189,0,1,0
LGC1-000144,session_material,ODz3s4koSC544g.u29LiJvslaKqiFbIEuo2rC-k.dlnp2kETn-y7c14aq0dz7w,1,jwt_like_secret,none,challenge_v1,62,5.18791,0.225806,0.209677,0.064516,0,1,1
LGC1-000145,api_key_reference,vault://application/key,0,secret_reference,none,challenge_v1,23,3.762267,0.0,0.0,0.173913,1,1,0
LGC1-000146,documentation_url,https://portal.example.test/auth/help,0,public_url,none,challenge_v1,37,3.647982,0.0,0.0,0.189189,0,1,0
LGC1-000147,integration_token,bIApfLn_uZlJrvQnPtjYR9Z5Tt0cUl@SyCud,1,opaque_secret,none,challenge_v1,36,4.892147,0.083333,0.388889,0.055556,1,1,1
LGC1-000148,trace_identifier,d5128f50-f8cc-8b84-12ac-0b91c8e31169,0,trace_uuid,none,challenge_v1,36,3.747167,0.583333,0.0,0.111111,0,1,1
LGC1-000149,material,2122f444cb968276dbbd96cb3879c360c6d5ff013e5c2f3e,1,hex_secret,none,challenge_v1,48,3.81218,0.625,0.0,0.0,0,1,1
LGC1-000150,material,timber-canyon-meteor-timber-desert,1,passphrase_secret,none,challenge_v1,34,3.550267,0.0,0.0,0.117647,0,1,0
LGC1-000151,session_material,ziF0v0M6Ql5Zbg.wWj67fjKF5QGuJxXksamkk2D.R-TciSRQ-p6C487NFI3vLQ,1,jwt_like_secret,none,challenge_v1,62,5.304766,0.209677,0.370968,0.064516,0,1,1
LGC1-000152,runtime_blob,meteor-timber-crystal-anchor-crystal,1,passphrase_secret,none,challenge_v1,36,3.728972,0.0,0.0,0.111111,0,1,0
LGC1-000153,artifact_digest,694fabc168d156f4c273faf2185838fba54a6a654c631a32e04efb42d5288d37,0,artifact_digest,none,challenge_v1,64,3.833712,0.640625,0.0,0.0,0,1,1
LGC1-000154,runtime_blob,voyage-comet-anchor-meadow-harbor,1,passphrase_secret,none,challenge_v1,33,3.737745,0.0,0.0,0.121212,0,1,0
LGC1-000155,token_reference,%SERVICE_TOKEN%,0,secret_reference,none,challenge_v1,15,3.456565,0.0,0.8,0.2,1,1,0
LGC1-000156,deployment_value,89aba301669690f2729127c2f8169fb7936fff9485c589fd,1,hex_secret,none,challenge_v1,48,3.652235,0.708333,0.0,0.0,0,1,1
LGC1-000157,integration_value,b44b29f75e740dba17f3bd5d3bee7e51fd38ce97d7189456,1,hex_secret,none,challenge_v1,48,3.764999,0.583333,0.0,0.0,0,1,1
LGC1-000158,runtime_blob,meadow-pioneer-amber-meadow-lantern,1,passphrase_secret,none,challenge_v1,35,3.571302,0.0,0.0,0.114286,0,1,0
LGC1-000159,runtime_data,Ub-zpdumOeGe_0HUFBorRx5Zx8df4uxq1uTayNr2JcE==,1,base64_secret,none,challenge_v1,45,5.058303,0.133333,0.288889,0.088889,0,1,1
LGC1-000160,material,kAa9o4yrTwSQVQ.FIrX-QcmPkShN6307YTAhBla.zPI51YQt2b_bDXQW7o8r-g,1,jwt_like_secret,none,challenge_v1,62,5.206381,0.177419,0.403226,0.080645,0,1,1
LGC1-000161,deployment_value,tAQOijZF@z5Ak0!Aq1gp_szPSpHF!YX@CwXE,1,opaque_secret,none,challenge_v1,36,4.704511,0.083333,0.444444,0.138889,0,1,1
LGC1-000162,secret_reference,vault://application/key,0,secret_reference,none,challenge_v1,23,3.762267,0.0,0.0,0.173913,1,1,0
LGC1-000163,session_material,EtXFyZ6YNh8ZjFNuc-4HpWSP-q!SJ9Y3-4WD,1,opaque_secret,none,challenge_v1,36,4.648956,0.166667,0.5,0.111111,0,1,1
LGC1-000164,trace_identifier,84a94d13-d6b6-73bf-c94c-6e856a372c37,0,trace_uuid,none,challenge_v1,36,3.82924,0.583333,0.0,0.111111,0,1,1
LGC1-000165,commit_sha,fee6880b3963ac821681fa3540ad17c79b9d4dae,0,git_commit_hash,none,challenge_v1,40,3.908695,0.6,0.0,0.0,0,1,1
LGC1-000166,session_material,30567b2d7b99d8866597071893f7bf50f3026c5f0619c2dd,1,hex_secret,none,challenge_v1,48,3.637919,0.729167,0.0,0.0,0,1,1
LGC1-000167,runtime_blob,-raMM1wYI0rilna8kpM-ycp9CyFZojol9lB-vSrE9vQ==,1,base64_secret,none,challenge_v1,45,4.696866,0.133333,0.266667,0.111111,0,1,1
LGC1-000168,runtime_data,qdBdDbRQtG44j22WiUMzhzHfVzYetl42oI0glaFShYM==,1,base64_secret,none,challenge_v1,45,4.863749,0.155556,0.355556,0.044444,0,1,1
LGC1-000169,client_secret_example,TOKEN_PLACEHOLDER_VALUE,0,documentation_placeholder,none,challenge_v1,23,3.708132,0.0,0.913043,0.086957,1,1,0
LGC1-000170,commit_sha,e50ad74dc0faccb2d91f517d551eda7f2300fd00,0,git_commit_hash,none,challenge_v1,40,3.570951,0.525,0.0,0.0,0,1,1
LGC1-000171,customer_public_ref,REF_XCYDH8792ATHUH38DGOOJVLY,0,public_reference,none,challenge_v1,28,4.351823,0.214286,0.75,0.035714,0,1,1
LGC1-000172,token_placeholder,EXAMPLE_ONLY_DO_NOT_USE,0,documentation_placeholder,none,challenge_v1,23,3.588354,0.0,0.826087,0.173913,1,1,0
LGC1-000173,client_secret_example,TOKEN_PLACEHOLDER_VALUE,0,documentation_placeholder,none,challenge_v1,23,3.708132,0.0,0.913043,0.086957,1,1,0
LGC1-000174,secret_reference,%SERVICE_TOKEN%,0,secret_reference,none,challenge_v1,15,3.456565,0.0,0.8,0.2,1,1,0
LGC1-000175,password_reference,$env:API_KEY,0,secret_reference,none,challenge_v1,12,3.584963,0.0,0.5,0.25,1,1,1
LGC1-000176,integration_token,KNYVnT3oMxx41WW6Kv0qKFXjCUTETPOkh9EmmRVWRSs==,1,base64_secret,none,challenge_v1,45,4.908194,0.133333,0.555556,0.044444,1,1,1
LGC1-000177,opaque_value,meadow-anchor-pioneer-desert-sunrise,1,passphrase_secret,none,challenge_v1,36,3.731746,0.0,0.0,0.111111,0,1,0
LGC1-000178,commit_sha,0ab355878af3ae4d909ca9e40fddca1d4d11dc61,0,git_commit_hash,none,challenge_v1,40,3.718454,0.525,0.0,0.0,0,1,1
LGC1-000179,opaque_value,OGoavzbbOdDrwa0DrErQqC3hG3J62si2Y8ufRWHz2ak==,1,base64_secret,none,challenge_v1,45,4.863749,0.177778,0.311111,0.044444,0,1,1
LGC1-000180,api_key_reference,%SERVICE_TOKEN%,0,secret_reference,none,challenge_v1,15,3.456565,0.0,0.8,0.2,1,1,0
LGC1-000181,secret_reference,${SECRET_FROM_VAULT},0,secret_reference,none,challenge_v1,20,3.921928,0.0,0.75,0.25,1,1,0
LGC1-000182,session_material,velvet-lantern-sunrise-pioneer-meteor,1,passphrase_secret,none,challenge_v1,37,3.513375,0.0,0.0,0.108108,0,1,0
LGC1-000183,runtime_data,rF2pYNM6kRAxEt7K9IMO_!3hGZu7umLB@0jV,1,opaque_secret,none,challenge_v1,36,5.003258,0.194444,0.444444,0.083333,0,1,1
LGC1-000184,integration_value,jvsbx!IRqQcuV74i_W@-@GZp_6SO_R02bVUL,1,opaque_secret,none,challenge_v1,36,4.815623,0.138889,0.361111,0.194444,0,1,1
LGC1-000185,documentation_url,https://developer.example.test/keys,0,public_url,none,challenge_v1,35,3.817393,0.0,0.0,0.171429,0,1,0
LGC1-000186,trace_identifier,6292e6a1-4708-cf69-2efb-9e5bdecb83aa,0,trace_uuid,none,challenge_v1,36,3.898413,0.472222,0.0,0.111111,0,1,1
LGC1-000187,artifact_digest,85ff4154d8306a2f196bbc7400224b10db7040c9433b4c7a5731c81f7f841c3e,0,artifact_digest,none,challenge_v1,64,3.834726,0.6875,0.0,0.0,0,1,1
LGC1-000188,material,anchor-desert-sunrise-meadow-island,1,passphrase_secret,none,challenge_v1,35,3.785867,0.0,0.0,0.114286,0,1,0
LGC1-000189,artifact_digest,7d6e9528fe2439f56139659d54b5bd5a6ce3e6db6a8d338f333d625f5f283a33,0,artifact_digest,none,challenge_v1,64,3.619775,0.65625,0.0,0.0,0,1,1
LGC1-000190,integration_value,0df0c0b94035041502f50bcf7580bfa4efd1bfcd8cea773a,1,hex_secret,none,challenge_v1,48,3.698935,0.541667,0.0,0.0,0,1,1
LGC1-000191,customer_public_ref,REF_2TOH3BLR0ADLZCETBGDMCKBW,0,public_reference,none,challenge_v1,28,4.208966,0.107143,0.857143,0.035714,0,1,1
LGC1-000192,backend_auth_secret,3ef7461dfaaa56f6b9fa9dc7ceb8e42045008f76e6cebc1c,1,hex_secret,none,challenge_v1,48,3.846252,0.5,0.0,0.0,1,1,1
LGC1-000193,documentation_url,https://example.test/api/reference,0,public_url,none,challenge_v1,34,3.72257,0.0,0.0,0.176471,0,1,0
LGC1-000194,customer_public_ref,REF_H3PW1T6WJY7H69FIB1RE4FGB,0,public_reference,none,challenge_v1,28,4.137538,0.285714,0.678571,0.035714,0,1,1
LGC1-000195,private_token_value,KQLpM1OcRzhouppeqTMd2qT1XWE1CqxdYGsD,1,opaque_secret,none,challenge_v1,36,4.607018,0.111111,0.444444,0.0,1,1,1
LGC1-000196,trace_identifier,4bb39a92-303b-1d62-e705-45b5850bcbc6,0,trace_uuid,none,challenge_v1,36,3.752715,0.583333,0.0,0.111111,0,1,1
LGC1-000197,backend_auth_secret,37299a15d0815337225ede7b6cc4744f8141f765bc8a21d9,1,hex_secret,none,challenge_v1,48,3.897593,0.708333,0.0,0.0,1,1,1
LGC1-000198,opaque_value,1uEVL0zm8gqt_w.WFZoImFk-x9B-TPWPrw9RTaV.-gvO8a6ghaAc2Mp1qDHK_w,1,jwt_like_secret,none,challenge_v1,62,5.260333,0.145161,0.354839,0.112903,0,1,1
LGC1-000199,documentation_url,https://portal.example.test/auth/help,0,public_url,none,challenge_v1,37,3.647982,0.0,0.0,0.189189,0,1,0
LGC1-000200,opaque_value,ou1kgi5GiDzpUsCHctDKTVcMWQdEnk9PDZZFzlNy7ww==,1,base64_secret,none,challenge_v1,45,5.075078,0.088889,0.422222,0.044444,0,1,1
LGC1-000201,runtime_data,EqyY03OSs7PHcAbX28a6fMG2DjZ4bln7yfJQ3mG_Dys==,1,base64_secret,none,challenge_v1,45,4.986189,0.222222,0.355556,0.066667,0,1,1
LGC1-000202,artifact_digest,e17a9c79a8010f453f7a7016645f847aca60e2603c1d0540ed6524e040006fb3,0,artifact_digest,none,challenge_v1,64,3.784338,0.703125,0.0,0.0,0,1,1
LGC1-000203,integration_value,c411330ea71f003b6f303e4f3e549a918b472626004d8813,1,hex_secret,none,challenge_v1,48,3.764127,0.75,0.0,0.0,0,1,1
LGC1-000204,material,amber-harbor-island-voyage-pioneer,1,passphrase_secret,none,challenge_v1,34,3.829966,0.0,0.0,0.117647,0,1,0
LGC1-000205,private_token_value,rFSRKfuZ1JpiKA.tgms94HN_XKNTmj-Wags9j5J.7H8fHsvQS_UbFzqFk5QzWQ,1,jwt_like_secret,none,challenge_v1,62,5.151383,0.129032,0.419355,0.080645,1,1,1
LGC1-000206,artifact_digest,540f8e12e63c0f83ead4a0cb236b45c30d86f6bd47a64b12fdbf473be4bb483b,0,artifact_digest,none,challenge_v1,64,3.757452,0.5625,0.0,0.0,0,1,1
LGC1-000207,integration_token,RZXktDZgFK9wl95nZQuLTsLfw3iqKHdwx1Q51ETw13M==,1,base64_secret,none,challenge_v1,45,4.747191,0.2,0.4,0.044444,1,1,1
LGC1-000208,deployment_value,493b8d5e5bb91b7e6f800491991f8326f92a0a03f293eda1,1,hex_secret,none,challenge_v1,48,3.779316,0.666667,0.0,0.0,0,1,1
LGC1-000209,runtime_blob,oLJl02asnl7fmA.Es9XNqCZ8fMyR_2ZyU1JOhFR.Qa6zLAxFfUyjgHqgljqa0w,1,jwt_like_secret,none,challenge_v1,62,5.151383,0.145161,0.354839,0.048387,0,1,1
LGC1-000210,integration_value,desert-sunrise-anchor-meadow-harbor,1,passphrase_secret,none,challenge_v1,35,3.761446,0.0,0.0,0.114286,0,1,0
LGC1-000211,customer_public_ref,REF_YWAWYWQ4AX03CBS88DHV1QYT,0,public_reference,none,challenge_v1,28,4.253434,0.214286,0.75,0.035714,0,1,1
LGC1-000212,NEXT_PUBLIC_DOCS_HOST,stable,0,frontend_public_config,Next.js,challenge_v1,6,2.584963,0.0,0.0,0.0,0,1,0
LGC1-000213,NEXT_PUBLIC_DOCS_HOST,public-dashboard,0,frontend_public_config,Next.js,challenge_v1,16,3.625,0.0,0.0,0.0625,0,1,0
LGC1-000214,customer_public_ref,REF_A9PV2ZHUMDVXJHGFH065I9UQ,0,public_reference,none,challenge_v1,28,4.351823,0.214286,0.75,0.035714,0,1,1
LGC1-000215,private_token_value,a37dfe702393e0fa6c8bbc2a299e490bbed2cf3dfc8df074,1,hex_secret,none,challenge_v1,48,3.728308,0.5,0.0,0.0,1,1,1
LGC1-000216,deployment_value,3gIAr@Rk1AoXHnHQTT5gzVYJ9-6Mjhy4tqrj,1,opaque_secret,none,challenge_v1,36,4.836592,0.166667,0.388889,0.055556,0,1,1
LGC1-000217,runtime_blob,euW7Shcvdt9D0Q.Rb7bAAyp9oUp3JRAhP5Yh1vM.S7F27T8FF7xg1utGkODkcg,1,jwt_like_secret,none,challenge_v1,62,5.085256,0.225806,0.354839,0.032258,0,1,1
LGC1-000218,session_material,3Dl7-vvt3t8QQc3SR2vgpDRXbiYg-otZzh2JFvHpsWI==,1,base64_secret,none,challenge_v1,45,4.747191,0.155556,0.333333,0.088889,0,1,1
LGC1-000219,service_credential,cdbe80fc1911f77ce731c8e815097b44a364d3069f2440e0,1,hex_secret,none,challenge_v1,48,3.838119,0.666667,0.0,0.0,1,1,1
LGC1-000220,session_material,-OlELNTLNWq48w.uB0m5AK76lgAVGZEAuwy8oER.E0oYH9kAVM-nTlN-N9fNlg,1,jwt_like_secret,none,challenge_v1,62,4.948317,0.16129,0.467742,0.080645,0,1,1
LGC1-000221,opaque_value,TLhF7haEEU7QhYOpmziZtAKsgm4bfmINY1BqWt_L5b4==,1,base64_secret,none,challenge_v1,45,4.924969,0.133333,0.4,0.066667,0,1,1
LGC1-000222,runtime_blob,frYSI5l6UpTZJ!8r@axxJSBtGMgawa@WrVls,1,opaque_secret,none,challenge_v1,36,4.627987,0.083333,0.388889,0.083333,0,1,1
LGC1-000223,backend_auth_secret,timber-lantern-lantern-canyon-pioneer,1,passphrase_secret,none,challenge_v1,37,3.512943,0.0,0.0,0.108108,1,1,0
LGC1-000224,commit_sha,6b8bbd50e66e8a4d1475a6a3a684d8c9595f776d,0,git_commit_hash,none,challenge_v1,40,3.677567,0.625,0.0,0.0,0,1,1
LGC1-000225,NEXT_PUBLIC_DOCS_HOST,docs.example.test,0,frontend_public_config,Next.js,challenge_v1,17,3.454822,0.0,0.0,0.117647,0,1,0
LGC1-000226,material,KKSqKTZ5i@fyQ!KWueZJ9rEH@jnWizLM1piw,1,opaque_secret,none,challenge_v1,36,4.648956,0.083333,0.444444,0.083333,0,1,1
LGC1-000227,commit_sha,99905024c22a6a5b45fa1156d227b472e1a6d467,0,git_commit_hash,none,challenge_v1,40,3.627567,0.725,0.0,0.0,0,1,1
LGC1-000228,password_reference,%SERVICE_TOKEN%,0,secret_reference,none,challenge_v1,15,3.456565,0.0,0.8,0.2,1,1,0
LGC1-000229,artifact_digest,a2648e304a258f1503ec45b14eb4e37e842485e7c67a0cb7137fb5e3b5d794e6,0,artifact_digest,none,challenge_v1,64,3.800498,0.65625,0.0,0.0,0,1,1
LGC1-000230,deployment_value,vXbeMV@A5VCpDFBJLjLGlQ@tW6WciptBw6JT,1,opaque_secret,none,challenge_v1,36,4.669925,0.083333,0.527778,0.055556,0,1,1
LGC1-000231,integration_value,m3zlZpVar9cJNg.TX_vOP86hAo10dnYLtDjnFuE.M19pFD83BGyBvHYI8oDRjg,1,jwt_like_secret,none,challenge_v1,62,5.381458,0.177419,0.403226,0.048387,0,1,1
LGC1-000232,VITE_RELEASE_CHANNEL,docs.example.test,0,frontend_public_config,Vite,challenge_v1,17,3.454822,0.0,0.0,0.117647,0,1,0
LGC1-000233,VITE_RELEASE_CHANNEL,stable,0,frontend_public_config,Vite,challenge_v1,6,2.584963,0.0,0.0,0.0,0,1,0
LGC1-000234,token_placeholder,TOKEN_PLACEHOLDER_VALUE,0,documentation_placeholder,none,challenge_v1,23,3.708132,0.0,0.913043,0.086957,1,1,0
LGC1-000235,material,velvet-amber-velvet-canyon-velvet,1,passphrase_secret,none,challenge_v1,33,3.32709,0.0,0.0,0.121212,0,1,0
LGC1-000236,token_reference,vault://application/key,0,secret_reference,none,challenge_v1,23,3.762267,0.0,0.0,0.173913,1,1,0
LGC1-000237,deployment_secret,desert-harbor-harbor-island-sunrise,1,passphrase_secret,none,challenge_v1,35,3.614439,0.0,0.0,0.114286,1,1,0
LGC1-000238,material,BhWA31EFAA5sKOX9z0d9PC2oNlsI8_EfgIzI3IrqBxE==,1,base64_secret,none,challenge_v1,45,4.83608,0.2,0.444444,0.066667,0,1,1
LGC1-000239,opaque_value,1AS5-tfRnoz!ZAkyrJ1K_TaboI8hHBERLOGS,1,opaque_secret,none,challenge_v1,36,4.892147,0.111111,0.472222,0.083333,0,1,1
LGC1-000240,integration_value,syijuGFULO0XY9AuYeJsBX7luknTA6H80BqnOm_yzzo==,1,base64_secret,none,challenge_v1,45,4.8973,0.133333,0.377778,0.066667,0,1,1
LGC1-000241,opaque_value,ZaJa_fsWVTqNDg.xBNj81gJgiUXPHF-yL6xbz62.KMC51T4yKLkjxRCZ6QHFSQ,1,jwt_like_secret,none,challenge_v1,62,5.24025,0.145161,0.483871,0.064516,0,1,1
LGC1-000242,deployment_value,velvet-meadow-desert-meadow-island,1,passphrase_secret,none,challenge_v1,34,3.60909,0.0,0.0,0.117647,0,1,0
LGC1-000243,documentation_url,https://example.test/api/reference,0,public_url,none,challenge_v1,34,3.72257,0.0,0.0,0.176471,0,1,0
LGC1-000244,private_token_value,NqTR7F022DglXjM7yYeRs7KCIqn6G2CMDnCacJ0gNAE==,1,base64_secret,none,challenge_v1,45,4.774861,0.2,0.466667,0.044444,1,1,1
LGC1-000245,session_material,nPFWcOp7YLyzdJ5vP0G2qRdaQ0L-_-Pmw6_PvbyW6lc==,1,base64_secret,none,challenge_v1,45,4.825186,0.155556,0.333333,0.133333,0,1,1
LGC1-000246,api_key_example,YOUR_REAL_KEY_GOES_HERE,0,documentation_placeholder,none,challenge_v1,23,3.290322,0.0,0.826087,0.173913,1,1,0
LGC1-000247,runtime_blob,sFMr-6hplHgQOA.bIDr_bFjHhFGnMTEqhLkHVv3.Gi39bWP52k2qjx8M8utYJg,1,jwt_like_secret,none,challenge_v1,62,5.248157,0.145161,0.387097,0.064516,0,1,1
LGC1-000248,secret_reference,vault://application/key,0,secret_reference,none,challenge_v1,23,3.762267,0.0,0.0,0.173913,1,1,0
LGC1-000249,integration_value,canyon-canyon-amber-desert-timber,1,passphrase_secret,none,challenge_v1,33,3.66531,0.0,0.0,0.121212,0,1,0
LGC1-000250,session_material,kRMvigDldetO5g.rqEczT4Lh7AkhYFoWNi-uqWX.spqi8k3vfaXja5pA952kNw,1,jwt_like_secret,none,challenge_v1,62,5.272508,0.145161,0.274194,0.048387,0,1,1
LGC1-000251,artifact_digest,114f2a9fb195206eebf74e2013e3a9d6b190d2e4b480dd707f98a620b2692f17,0,artifact_digest,none,challenge_v1,64,3.784928,0.65625,0.0,0.0,0,1,1
LGC1-000252,runtime_data,28847bd771cf9ddab9e958beb7e3c9184d1d20ce06758fe0,1,hex_secret,none,challenge_v1,48,3.820312,0.583333,0.0,0.0,0,1,1
LGC1-000253,documentation_url,https://docs.example.test/token/setup,0,public_url,none,challenge_v1,37,3.807445,0.0,0.0,0.189189,0,1,0
LGC1-000254,NEXT_PUBLIC_DOCS_HOST,docs.example.test,0,frontend_public_config,Next.js,challenge_v1,17,3.454822,0.0,0.0,0.117647,0,1,0
LGC1-000255,NEXT_PUBLIC_DOCS_HOST,docs.example.test,0,frontend_public_config,Next.js,challenge_v1,17,3.454822,0.0,0.0,0.117647,0,1,0
LGC1-000256,private_token_value,a4801ea384705920091af999c0f2c8ce738b738a704a9925,1,hex_secret,none,challenge_v1,48,3.639127,0.729167,0.0,0.0,1,1,1
LGC1-000257,commit_sha,6b80a3d143b2c1a0a4969715c92ac374b2381870,0,git_commit_hash,none,challenge_v1,40,3.720951,0.725,0.0,0.0,0,1,1
LGC1-000258,VITE_RELEASE_CHANNEL,public-dashboard,0,frontend_public_config,Vite,challenge_v1,16,3.625,0.0,0.0,0.0625,0,1,0
LGC1-000259,runtime_data,GWVh-1X9-lUGOLQSCXAH4_xbZHseFnLce_nj,1,opaque_secret,none,challenge_v1,36,4.725481,0.083333,0.5,0.111111,0,1,1
LGC1-000260,artifact_digest,735649da0fbc944bd531e508a2ab74c2991ab83a6cbfe5482da58cfd9279e7df,0,artifact_digest,none,challenge_v1,64,3.922377,0.578125,0.0,0.0,0,1,1
LGC1-000261,runtime_data,island-sunrise-meteor-voyage-meteor,1,passphrase_secret,none,challenge_v1,35,3.764299,0.0,0.0,0.114286,0,1,0
LGC1-000262,runtime_data,L1wyQZhRSpsmx5F3m_3khjrL!QdCISmDM-3E,1,opaque_secret,none,challenge_v1,36,4.683542,0.138889,0.388889,0.083333,0,1,1
LGC1-000263,integration_value,dqVtxh_LvRXP-!y8m_ZBLPt3e2HOajjLVK0e,1,opaque_secret,none,challenge_v1,36,4.704511,0.111111,0.388889,0.111111,0,1,1
LGC1-000264,integration_token,_XxH4688ngJv1Q.K11wQd6ufWCXvrRgALVtpOhN.AMJCCXRkVt0oqxIPuRhTEg,1,jwt_like_secret,none,challenge_v1,62,5.183641,0.145161,0.451613,0.048387,1,1,1
LGC1-000265,runtime_blob,UPJP!1IsqCXm0xQWWMOb6jAUENFXZDZ6gg2N,1,opaque_secret,none,challenge_v1,36,4.725481,0.138889,0.611111,0.027778,0,1,1
LGC1-000266,commit_sha,802a0f75473362f11bf8f3dd638b06856090a92e,0,git_commit_hash,none,challenge_v1,40,3.762815,0.725,0.0,0.0,0,1,1
LGC1-000267,integration_value,BpdyFNSOWFGeaQ.PplsZKwvaTOUqvKQlSWnw8pW.8SZFukwMmEnKvCMoxlzJrQ,1,jwt_like_secret,none,challenge_v1,62,5.038164,0.032258,0.483871,0.032258,0,1,1
LGC1-000268,artifact_digest,1d3e439db91e5335b271125a79a20ac5bf0532f8d7abbca9c915aa8d4b49bf75,0,artifact_digest,none,challenge_v1,64,3.78206,0.59375,0.0,0.0,0,1,1
LGC1-000269,commit_sha,a3a90776bbe7cf3b626a9f7eeb4cda5cdd724154,0,git_commit_hash,none,challenge_v1,40,3.787326,0.525,0.0,0.0,0,1,1
LGC1-000270,private_token_value,PUyKCBk2n2EGjIXioFbMrkJHuB2dcAnunpU2,1,opaque_secret,none,challenge_v1,36,4.5934,0.111111,0.444444,0.0,1,1,1
LGC1-000271,session_material,Y58gmFu1fSKHgAKIJlDqZ0mKvrDXN2Lti83Ve0U99lY==,1,base64_secret,none,challenge_v1,45,4.986189,0.222222,0.422222,0.044444,0,1,1
LGC1-000272,documentation_url,https://docs.example.test/token/setup,0,public_url,none,challenge_v1,37,3.807445,0.0,0.0,0.189189,0,1,0
LGC1-000273,integration_value,o0XY9ZqyPPHkr0pcv5yeOzwhnEqayflywaMDdX9D2ks==,1,base64_secret,none,challenge_v1,45,4.869631,0.133333,0.266667,0.044444,0,1,1
LGC1-000274,commit_sha,2c6b897780aa0e4cd1563e52c5975b4e7b40c25c,0,git_commit_hash,none,challenge_v1,40,3.747085,0.65,0.0,0.0,0,1,1
LGC1-000275,trace_identifier,6956cc37-bd9b-4a3e-15c4-14fe38c6a6d2,0,trace_uuid,none,challenge_v1,36,3.850209,0.527778,0.0,0.111111,0,1,1
LGC1-000276,integration_token,1RvjBoqWNZ0Hfg.rVpAuVzEv27Zs4AZPuchA7RW.pjmHSqkjHrfoH4plbO7khA,1,jwt_like_secret,none,challenge_v1,62,4.97001,0.129032,0.370968,0.032258,1,1,1
LGC1-000277,integration_token,xCyTUgqD1ETrP1mHknuwUC9A7rU-Zc28E1_CizavTQY==,1,base64_secret,none,challenge_v1,45,4.935863,0.155556,0.4,0.088889,1,1,1
LGC1-000278,token_placeholder,YOUR_REAL_KEY_GOES_HERE,0,documentation_placeholder,none,challenge_v1,23,3.290322,0.0,0.826087,0.173913,1,1,0
LGC1-000279,artifact_digest,4b0385dbed6ce672864607fda59d5439b02b605c0dd251c6cc01bba16406a295,0,artifact_digest,none,challenge_v1,64,3.811639,0.640625,0.0,0.0,0,1,1
LGC1-000280,api_key_reference,vault://application/key,0,secret_reference,none,challenge_v1,23,3.762267,0.0,0.0,0.173913,1,1,0
LGC1-000281,documentation_url,https://developer.example.test/keys,0,public_url,none,challenge_v1,35,3.817393,0.0,0.0,0.171429,0,1,0
LGC1-000282,token_reference,${SECRET_FROM_VAULT},0,secret_reference,none,challenge_v1,20,3.921928,0.0,0.75,0.25,1,1,0
LGC1-000283,customer_public_ref,REF_44I96QJDZKCVPQVR3GEHEKW2,0,public_reference,none,challenge_v1,28,4.280395,0.214286,0.75,0.035714,0,1,1
LGC1-000284,api_key_reference,vault://application/key,0,secret_reference,none,challenge_v1,23,3.762267,0.0,0.0,0.173913,1,1,0
LGC1-000285,integration_token,0QCfT-_2hRUzGSZkc37gf8s8ZpTpHpF2CAJB,1,opaque_secret,none,challenge_v1,36,4.704511,0.194444,0.444444,0.055556,1,1,1
LGC1-000286,customer_public_ref,REF_D1SV5EHFU57ZK2OKHTKJWCYO,0,public_reference,none,challenge_v1,28,4.280395,0.178571,0.785714,0.035714,0,1,1
LGC1-000287,material,RRbUdNyNCIXaeg.p2TSB0E90u9_DIWl9bPklRHb.OPimqn5cGaJyOCwfj6HloQ,1,jwt_like_secret,none,challenge_v1,62,5.324849,0.129032,0.419355,0.048387,0,1,1
LGC1-000288,secret_reference,vault://application/key,0,secret_reference,none,challenge_v1,23,3.762267,0.0,0.0,0.173913,1,1,0
LGC1-000289,artifact_digest,01a400f103e164f671be1619fe3dc239c7b2205077119060095c6e2df3ab5712,0,artifact_digest,none,challenge_v1,64,3.747621,0.71875,0.0,0.0,0,1,1
LGC1-000290,trace_identifier,26df58d4-6b53-4e4e-a413-85abc586cf1c,0,trace_uuid,none,challenge_v1,36,3.718129,0.527778,0.0,0.111111,0,1,1
LGC1-000291,integration_value,9a10e8a39303672bd1806e2ad20213a989c2b3bfb74215b9,1,hex_secret,none,challenge_v1,48,3.770513,0.6875,0.0,0.0,0,1,1
LGC1-000292,opaque_value,e55154df097b2ed4a41f013b8a0562dd6577f6b5ddeb69ef,1,hex_secret,none,challenge_v1,48,3.750815,0.583333,0.0,0.0,0,1,1
LGC1-000293,commit_sha,8c1f19f937b03f14d4e5e9b19bbb1d8b06b4a8a9,0,git_commit_hash,none,challenge_v1,40,3.643542,0.575,0.0,0.0,0,1,1
LGC1-000294,runtime_blob,comet-meteor-canyon-anchor-anchor,1,passphrase_secret,none,challenge_v1,33,3.351233,0.0,0.0,0.121212,0,1,0
LGC1-000295,VITE_RELEASE_CHANNEL,preview,0,frontend_public_config,Vite,challenge_v1,7,2.521641,0.0,0.0,0.0,0,1,0
LGC1-000296,commit_sha,6fe9c549b018e390f5dbb196f8904b53d1fd7da6,0,git_commit_hash,none,challenge_v1,40,3.756198,0.6,0.0,0.0,0,1,1
LGC1-000297,trace_identifier,fcff1158-bced-4318-bb95-575c0b7da4eb,0,trace_uuid,none,challenge_v1,36,3.728972,0.444444,0.0,0.111111,0,1,1
LGC1-000298,password_reference,vault://application/key,0,secret_reference,none,challenge_v1,23,3.762267,0.0,0.0,0.173913,1,1,0
LGC1-000299,private_token_value,Fc2YxeiC_LaT0g.Q-FovETnrifFduCKpsU5Nzgc.QZ1hj07YU4nA3n9pSQTz9A,1,jwt_like_secret,none,challenge_v1,62,5.260333,0.16129,0.370968,0.064516,1,1,1
LGC1-000300,deployment_value,KicSDReinXOshfFLZJtazNe6WKmUqM86cQDD,1,opaque_secret,none,challenge_v1,36,4.760067,0.083333,0.5,0.0,0,1,1
LGC1-000301,backend_auth_secret,O8F9m1udBQ6vWQ.6jF88VH0OSJBAp9L0IEK45dN.wwLjPjF0puMixYzg45iA5A,1,jwt_like_secret,none,challenge_v1,62,5.074691,0.258065,0.419355,0.032258,1,1,1
LGC1-000302,runtime_blob,C7aP0qbOq5zIKrD_ZYA2ZUjsp2Y6Vc97iunPxQqKHjs==,1,base64_secret,none,challenge_v1,45,4.986189,0.177778,0.377778,0.066667,0,1,1
LGC1-000303,integration_value,ihWko4Xu1256tg.tG6lPBGxo6bxg1dzbEKxyPMw.HYRMKwy0XPs57Ydphec0iA,1,jwt_like_secret,none,challenge_v1,62,5.143476,0.193548,0.306452,0.032258,0,1,1
LGC1-000304,deployment_secret,voyage-amber-desert-crystal-island,1,passphrase_secret,none,challenge_v1,34,3.866587,0.0,0.0,0.117647,1,1,0
LGC1-000305,integration_value,ofL8g50lE9RfG_nYvrXxKxo5d5!-MRHqHPqr,1,opaque_secret,none,challenge_v1,36,4.648956,0.166667,0.333333,0.083333,0,1,1
LGC1-000306,documentation_url,https://portal.example.test/auth/help,0,public_url,none,challenge_v1,37,3.647982,0.0,0.0,0.189189,0,1,0
LGC1-000307,runtime_data,YOqQd9jHYAecgw.yTAvPXhsMvNeGqOfA545vm9c.NNT2Cu-ThmYr6HbW9bMtXw,1,jwt_like_secret,none,challenge_v1,62,5.074691,0.129032,0.403226,0.048387,0,1,1
LGC1-000308,integration_value,2NDx1GeG6L0HA4uTNHNoFazROpRZ27WnV35P,1,opaque_secret,none,challenge_v1,36,4.815623,0.25,0.527778,0.0,0,1,1
LGC1-000309,integration_value,i-IWnLaAfW15Dg.njLen54kbVsG49u_fsaDyRmX.0y71hxOIKJHCGtO9jkfVKw,1,jwt_like_secret,none,challenge_v1,62,5.220168,0.16129,0.354839,0.064516,0,1,1
LGC1-000310,NEXT_PUBLIC_DOCS_HOST,preview,0,frontend_public_config,Next.js,challenge_v1,7,2.521641,0.0,0.0,0.0,0,1,0
LGC1-000311,artifact_digest,336c3eb3d7a9032a4ed336fa532b74ee3d420ed2ef1efb31d5d287d3b50498d3,0,artifact_digest,none,challenge_v1,64,3.717889,0.59375,0.0,0.0,0,1,1
LGC1-000312,private_token_value,u5Iw8VjkBVz46sHbazLDBmzgO2yr_wImLLEhIuvPYak==,1,base64_secret,none,challenge_v1,45,4.819305,0.111111,0.355556,0.066667,1,1,1
LGC1-000313,trace_identifier,94cb4382-3d0b-3d27-5772-d78e2537403c,0,trace_uuid,none,challenge_v1,36,3.538562,0.666667,0.0,0.111111,0,1,1
LGC1-000314,deployment_value,HMuKvc9lcN-PABnXfD6nqzsA_p70xUHiAL-rsLnXhcE==,1,base64_secret,none,challenge_v1,45,4.908194,0.088889,0.377778,0.111111,0,1,1
LGC1-000315,documentation_url,https://developer.example.test/keys,0,public_url,none,challenge_v1,35,3.817393,0.0,0.0,0.171429,0,1,0
LGC1-000316,documentation_url,https://developer.example.test/keys,0,public_url,none,challenge_v1,35,3.817393,0.0,0.0,0.171429,0,1,0
LGC1-000317,trace_identifier,61259682-a2e4-2021-c0e0-00abaea22ca7,0,trace_uuid,none,challenge_v1,36,3.458101,0.583333,0.0,0.111111,0,1,1
LGC1-000318,commit_sha,df9a530669c7a537c4ac69c8be7591695d4ecf19,0,git_commit_hash,none,challenge_v1,40,3.706198,0.625,0.0,0.0,0,1,1
LGC1-000319,trace_identifier,8e135286-117b-d298-b94f-81c6e0a41c05,0,trace_uuid,none,challenge_v1,36,3.902991,0.638889,0.0,0.111111,0,1,1
LGC1-000320,artifact_digest,71205aeaa5ff2fe4220b607027190e76d1264b7bfe67cc3fedeb08ca424ca10d,0,artifact_digest,none,challenge_v1,64,3.807864,0.578125,0.0,0.0,0,1,1
LGC1-000321,customer_public_ref,REF_DVONE2REE8HEMJ3J6SN6F5HG,0,public_reference,none,challenge_v1,28,3.964153,0.214286,0.75,0.035714,0,1,1
LGC1-000322,backend_auth_secret,U8tFzZImCeAjhhN0zljxtsZWn5EIP4bBVAW6,1,opaque_secret,none,challenge_v1,36,4.725481,0.138889,0.444444,0.0,1,1,1
LGC1-000323,session_material,da7c35be7b6c3c8faf39f892f24fbaf1b2e75d1332a52661,1,hex_secret,none,challenge_v1,48,3.782806,0.5625,0.0,0.0,0,1,1
LGC1-000324,material,desert-lantern-crystal-canyon-anchor,1,passphrase_secret,none,challenge_v1,36,3.562305,0.0,0.0,0.111111,0,1,0
LGC1-000325,trace_identifier,6e1d897f-929c-e73f-e77e-80a3d3ff77ef,0,trace_uuid,none,challenge_v1,36,3.496624,0.5,0.0,0.111111,0,1,1
LGC1-000326,client_secret_example,TOKEN_PLACEHOLDER_VALUE,0,documentation_placeholder,none,challenge_v1,23,3.708132,0.0,0.913043,0.086957,1,1,0
LGC1-000327,material,9SCI_70xY9JK5g.By8A5yplfj0WibZPAqD7RXLy.Q5Qr1VFFnNLHTGTABzbHJQ,1,jwt_like_secret,none,challenge_v1,62,5.292591,0.177419,0.516129,0.048387,0,1,1
LGC1-000328,artifact_digest,af8fa81f40fb8e6b8c961d29f2afaab5258c360e76d468f4abc644441189548b,0,artifact_digest,none,challenge_v1,64,3.760934,0.609375,0.0,0.0,0,1,1
LGC1-000329,artifact_digest,2d4895f41c48862ee8dc86563dfee5292b699ece4b52166524dcd55e276358f2,0,artifact_digest,none,challenge_v1,64,3.612704,0.671875,0.0,0.0,0,1,1
LGC1-000330,opaque_value,Vboljc1El4DwnAMHvD8RIdYp9j2m4chL4LSO,1,opaque_secret,none,challenge_v1,36,4.760067,0.194444,0.388889,0.0,0,1,1
LGC1-000331,secret_reference,${SECRET_FROM_VAULT},0,secret_reference,none,challenge_v1,20,3.921928,0.0,0.75,0.25,1,1,0
LGC1-000332,artifact_digest,99adf5d2f17dd257630c872756f086f06f8d83b720d995b1d4eb5272018cee21,0,artifact_digest,none,challenge_v1,64,3.831858,0.671875,0.0,0.0,0,1,1
LGC1-000333,runtime_blob,32EMktYcqxxt0g.gSg6OsOdkenipG4NooRmOghE.bT-TAGFKlqCx5FoX_MW1zw,1,jwt_like_secret,none,challenge_v1,62,5.304766,0.112903,0.354839,0.064516,0,1,1
LGC1-000334,token_reference,vault://application/key,0,secret_reference,none,challenge_v1,23,3.762267,0.0,0.0,0.173913,1,1,0
LGC1-000335,service_credential,e359b51feec66c6be0af68377a914ca0b5fc5bd2e79a1a2b,1,hex_secret,none,challenge_v1,48,3.838119,0.520833,0.0,0.0,1,1,1
LGC1-000336,opaque_value,canyon-velvet-amber-desert-amber,1,passphrase_secret,none,challenge_v1,32,3.655639,0.0,0.0,0.125,0,1,0
LGC1-000337,commit_sha,2c026809bfcbdb8f1cfe0bec831169ed4bd3b3fa,0,git_commit_hash,none,challenge_v1,40,3.670951,0.475,0.0,0.0,0,1,1
LGC1-000338,session_material,r6vplVh2JCXhiA.VIhPp7W3cumdEuQpDh_dWRK7.pX6DtHyJ1m-cd-ZUw7oPdg,1,jwt_like_secret,none,challenge_v1,62,5.103311,0.129032,0.354839,0.080645,0,1,1
LGC1-000339,customer_public_ref,REF_FGROJQNCLNDH95LB5LN7H0L4,0,public_reference,none,challenge_v1,28,4.066109,0.214286,0.75,0.035714,0,1,1
LGC1-000340,material,1-6-XbwS2DH-zIokLKfz-cB1MTm6tDJLwU-F0Kh3c_k==,1,base64_secret,none,challenge_v1,45,4.789417,0.155556,0.355556,0.177778,0,1,1
LGC1-000341,documentation_url,https://portal.example.test/auth/help,0,public_url,none,challenge_v1,37,3.647982,0.0,0.0,0.189189,0,1,0
LGC1-000342,runtime_blob,sunrise-meteor-comet-timber-island,1,passphrase_secret,none,challenge_v1,34,3.693813,0.0,0.0,0.117647,0,1,0
LGC1-000343,material,_9S5OzygEaqLA4O7CCGRi5KUClIIC9tMGEZ7kE-IS9Q==,1,base64_secret,none,challenge_v1,45,4.730416,0.177778,0.533333,0.088889,0,1,1
LGC1-000344,deployment_secret,od5sbmZmnyNmCg.Ac6s6aIluKXc83UkvT7LG5At.8MaubRzMjG-k3mqJhshvAQ,1,jwt_like_secret,none,challenge_v1,62,5.220168,0.145161,0.306452,0.048387,1,1,1
LGC1-000345,material,hpo8svL_PX636bAqIyz9n4dzVqbdqaX8zqBaZO1wsrM==,1,base64_secret,none,challenge_v1,45,4.852856,0.177778,0.244444,0.066667,0,1,1
LGC1-000346,token_reference,${SECRET_FROM_VAULT},0,secret_reference,none,challenge_v1,20,3.921928,0.0,0.75,0.25,1,1,0
LGC1-000347,token_reference,%SERVICE_TOKEN%,0,secret_reference,none,challenge_v1,15,3.456565,0.0,0.8,0.2,1,1,0
LGC1-000348,token_reference,vault://application/key,0,secret_reference,none,challenge_v1,23,3.762267,0.0,0.0,0.173913,1,1,0
LGC1-000349,VITE_RELEASE_CHANNEL,public-dashboard,0,frontend_public_config,Vite,challenge_v1,16,3.625,0.0,0.0,0.0625,0,1,0
LGC1-000350,runtime_data,ZDsotVA6WGjdYA.2w9KiZO6ywT064u1-UY3SXG3.6cEYp4Io7O-xMo2XEykVIw,1,jwt_like_secret,none,challenge_v1,62,5.143476,0.225806,0.419355,0.064516,0,1,1
LGC1-000351,runtime_data,e@rmZnwmySZh6fcvqBZYQAHCq_LYOPeizUpg,1,opaque_secret,none,challenge_v1,36,4.815623,0.027778,0.416667,0.055556,0,1,1
LGC1-000352,trace_identifier,6ac0afa2-7229-8014-5d2e-3dfd68c17cf6,0,trace_uuid,none,challenge_v1,36,3.842857,0.527778,0.0,0.111111,0,1,1
LGC1-000353,service_credential,Bgyf7J0XgJSFUz!_7BIO-CYgLIRExH-P5Fp5,1,opaque_secret,none,challenge_v1,36,4.648956,0.138889,0.527778,0.111111,1,1,1
LGC1-000354,opaque_value,F2BMZ5ixmaXr5Q.vEqS2lhHMqq0owTDibZlOoNX.Bz5ymeXS2h8V_GZsiKFH_w,1,jwt_like_secret,none,challenge_v1,62,5.106949,0.129032,0.403226,0.064516,0,1,1
LGC1-000355,token_placeholder,INSERT_PASSWORD_HERE,0,documentation_placeholder,none,challenge_v1,20,3.508695,0.0,0.9,0.1,1,1,0
LGC1-000356,artifact_digest,55edd53b9a1e3c4b7d76ed20887df97c6dfa6de2478125bfa112f06c5281930f,0,artifact_digest,none,challenge_v1,64,3.933922,0.609375,0.0,0.0,0,1,1
LGC1-000357,customer_public_ref,REF_E7OG1THQAHHV3T9R8A30Q06Z,0,public_reference,none,challenge_v1,28,4.137538,0.321429,0.642857,0.035714,0,1,1
LGC1-000358,VITE_RELEASE_CHANNEL,docs.example.test,0,frontend_public_config,Vite,challenge_v1,17,3.454822,0.0,0.0,0.117647,0,1,0
LGC1-000359,integration_token,timber-lantern-comet-velvet-timber,1,passphrase_secret,none,challenge_v1,34,3.480722,0.0,0.0,0.117647,1,1,0
LGC1-000360,artifact_digest,cda4d1222837195f11b7ea38ee113b547f1f73dc2cacc86e3bb9ef355f1d25ad,0,artifact_digest,none,challenge_v1,64,3.782461,0.5625,0.0,0.0,0,1,1
LGC1-000361,integration_value,comet-voyage-harbor-island-comet,1,passphrase_secret,none,challenge_v1,32,3.95282,0.0,0.0,0.125,0,1,0
LGC1-000362,commit_sha,e031fb5c46959d9ddd62ccb6f8a7a26852e5779d,0,git_commit_hash,none,challenge_v1,40,3.825071,0.6,0.0,0.0,0,1,1
LGC1-000363,service_credential,4V2xlv0cUN6qmw.fkOFqjO9u_vFHo_CgVv657E9.syTyivFa8euxcktN1rI7dg,1,jwt_like_secret,none,challenge_v1,62,5.264601,0.193548,0.241935,0.064516,1,1,1
LGC1-000364,api_key_example,TOKEN_PLACEHOLDER_VALUE,0,documentation_placeholder,none,challenge_v1,23,3.708132,0.0,0.913043,0.086957,1,1,0
LGC1-000365,runtime_data,vW81sV-363vW-g.MjSQHUPsIR4LZJg6D7nrPq14.rdn6-oBf_lNNXXWYnA3pyg,1,jwt_like_secret,none,challenge_v1,62,5.203723,0.193548,0.387097,0.096774,0,1,1
LGC1-000366,artifact_digest,1bb00fa9ea3fe546dae72c16511e6f046455c8dd2c95b58efd9e5afe3836702e,0,artifact_digest,none,challenge_v1,64,3.903828,0.578125,0.0,0.0,0,1,1
LGC1-000367,trace_identifier,caf4903e-3c9b-9755-fbf2-7f82e6743637,0,trace_uuid,none,challenge_v1,36,3.760067,0.583333,0.0,0.111111,0,1,1
LGC1-000368,deployment_secret,harbor-velvet-anchor-anchor-comet,1,passphrase_secret,none,challenge_v1,33,3.558953,0.0,0.0,0.121212,1,1,0
LGC1-000369,deployment_value,G8fNG1l68iLUKH18zA51YmJxwMNO3WViOSwS,1,opaque_secret,none,challenge_v1,36,4.572431,0.25,0.5,0.0,0,1,1
LGC1-000370,material,meadow-sunrise-island-timber-harbor,1,passphrase_secret,none,challenge_v1,35,3.84301,0.0,0.0,0.114286,0,1,0
LGC1-000371,NEXT_PUBLIC_DOCS_HOST,stable,0,frontend_public_config,Next.js,challenge_v1,6,2.584963,0.0,0.0,0.0,0,1,0
LGC1-000372,api_key_example,YOUR_REAL_KEY_GOES_HERE,0,documentation_placeholder,none,challenge_v1,23,3.290322,0.0,0.826087,0.173913,1,1,0
LGC1-000373,deployment_value,iB1sLDr_XdygT4YCy7VU-8atOtJlAtI!BMg7,1,opaque_secret,none,challenge_v1,36,4.815623,0.138889,0.416667,0.083333,0,1,1
LGC1-000374,NEXT_PUBLIC_DOCS_HOST,public-dashboard,0,frontend_public_config,Next.js,challenge_v1,16,3.625,0.0,0.0,0.0625,0,1,0
LGC1-000375,api_key_example,INSERT_PASSWORD_HERE,0,documentation_placeholder,none,challenge_v1,20,3.508695,0.0,0.9,0.1,1,1,0
LGC1-000376,client_secret_example,EXAMPLE_ONLY_DO_NOT_USE,0,documentation_placeholder,none,challenge_v1,23,3.588354,0.0,0.826087,0.173913,1,1,0
LGC1-000377,opaque_value,1971754392e603b9ca1aab1159f4dd5acb4e07011380a399,1,hex_secret,none,challenge_v1,48,3.755995,0.6875,0.0,0.0,0,1,1
LGC1-000378,commit_sha,a3a8e8487a4389ecc0ada3f6dba1c50884adffa0,0,git_commit_hash,none,challenge_v1,40,3.570951,0.5,0.0,0.0,0,1,1
LGC1-000379,opaque_value,crystal-meteor-anchor-canyon-velvet,1,passphrase_secret,none,challenge_v1,35,3.685588,0.0,0.0,0.114286,0,1,0
LGC1-000380,backend_auth_secret,yRLCyTxtWojCtg.1fm4MuuM2JZ8QTgU_-9Bo_il.uxcdEH4TbZS8i3CoTeSvFQ,1,jwt_like_secret,none,challenge_v1,62,5.175734,0.129032,0.387097,0.080645,1,1,1
LGC1-000381,runtime_blob,1b_4CJG99XzCLYt6-9G6NbysNz4DN7OaTSfulnWqI4U==,1,base64_secret,none,challenge_v1,45,4.908194,0.222222,0.4,0.088889,0,1,1
LGC1-000382,api_key_example,EXAMPLE_ONLY_DO_NOT_USE,0,documentation_placeholder,none,challenge_v1,23,3.588354,0.0,0.826087,0.173913,1,1,0
LGC1-000383,runtime_data,Y5c6cIhE4-drIAiL_l6ELQPu-o-W-8BRUNTOkVYh988==,1,base64_secret,none,challenge_v1,45,4.852856,0.177778,0.422222,0.155556,0,1,1
LGC1-000384,integration_token,uWtyoZBaPH7riWKsio-SplDk7QrvHoQQbWI073OvdIY==,1,base64_secret,none,challenge_v1,45,4.80253,0.111111,0.4,0.066667,1,1,1
LGC1-000385,NEXT_PUBLIC_DOCS_HOST,docs.example.test,0,frontend_public_config,Next.js,challenge_v1,17,3.454822,0.0,0.0,0.117647,0,1,0
LGC1-000386,customer_public_ref,REF_9ZQNK6SQQYVP5AVAAYJAGNGT,0,public_reference,none,challenge_v1,28,4.066109,0.107143,0.857143,0.035714,0,1,1
LGC1-000387,private_token_value,voyage-comet-lantern-comet-amber,1,passphrase_secret,none,challenge_v1,32,3.605338,0.0,0.0,0.125,1,1,0
LGC1-000388,customer_public_ref,REF_AW5YPOXHXJZBYW1QN5ERO5DB,0,public_reference,none,challenge_v1,28,4.137538,0.142857,0.821429,0.035714,0,1,1
LGC1-000389,password_template,TOKEN_PLACEHOLDER_VALUE,0,documentation_placeholder,none,challenge_v1,23,3.708132,0.0,0.913043,0.086957,1,1,0
LGC1-000390,password_reference,vault://application/key,0,secret_reference,none,challenge_v1,23,3.762267,0.0,0.0,0.173913,1,1,0
LGC1-000391,documentation_url,https://developer.example.test/keys,0,public_url,none,challenge_v1,35,3.817393,0.0,0.0,0.171429,0,1,0
LGC1-000392,runtime_data,7b59d62524ef5d5f122ff88db3555bf12e7c5283aa8d0045,1,hex_secret,none,challenge_v1,48,3.701554,0.645833,0.0,0.0,0,1,1
LGC1-000393,material,on1ZaFzgHvIVkGveBo5eT7@ey9gLlviJAaKf,1,opaque_secret,none,challenge_v1,36,4.739098,0.111111,0.333333,0.027778,0,1,1
LGC1-000394,integration_value,pioneer-meadow-crystal-meadow-comet,1,passphrase_secret,none,challenge_v1,35,3.783014,0.0,0.0,0.114286,0,1,0
LGC1-000395,documentation_url,https://developer.example.test/keys,0,public_url,none,challenge_v1,35,3.817393,0.0,0.0,0.171429,0,1,0
LGC1-000396,documentation_url,https://docs.example.test/token/setup,0,public_url,none,challenge_v1,37,3.807445,0.0,0.0,0.189189,0,1,0
LGC1-000397,documentation_url,https://developer.example.test/keys,0,public_url,none,challenge_v1,35,3.817393,0.0,0.0,0.171429,0,1,0
LGC1-000398,runtime_blob,KV5_Z1dyOiHpag.1_0vYbnfkLRqYHqHSB2SWzbw.C0XKk69eZdh5cWTiBtmiwA,1,jwt_like_secret,none,challenge_v1,62,5.284684,0.145161,0.370968,0.064516,0,1,1
LGC1-000399,session_material,26a8fc7bcaefd8a1656cd14dd6f92ab7aca5abd9dbfe2515,1,hex_secret,none,challenge_v1,48,3.654316,0.4375,0.0,0.0,0,1,1
LGC1-000400,commit_sha,634f81d96cdc99e55026d0e75a9e02585e1cbbe9,0,git_commit_hash,none,challenge_v1,40,3.775716,0.625,0.0,0.0,0,1,1
